position_id,account_id,cusip,side,quantity,market_value,cost_basis,business_line,as_of_date
POS_000001,PAB_CITADEL,46625H100,LONG,179751.0,44182795.8,44098782.32,PRIME_BROKERAGE,2026-03-04
POS_000002,PAB_CITADEL,084670702,LONG,92336.0,44182776.0,39161692.28,PRIME_BROKERAGE,2026-03-04
POS_000003,PAB_CITADEL,46434G103,LONG,567902.0,44182775.6,39708785.68,PRIME_BROKERAGE,2026-03-04
POS_000004,PAB_CITADEL,67066G104,LONG,319009.0,44182746.5,40936736.37,PRIME_BROKERAGE,2026-03-04
POS_000005,PAB_CITADEL,023135106,LONG,198664.0,44182873.6,44200712.25,PRIME_BROKERAGE,2026-03-04
POS_000006,PAB_CITADEL,02079K305,LONG,252041.0,44182787.3,43840327.07,PRIME_BROKERAGE,2026-03-04
POS_000007,PAB_CITADEL,78463V107,SHORT,64645.0,16568513.5,14601826.84,PRIME_BROKERAGE,2026-03-04
POS_000008,PAB_CITADEL,464287614,SHORT,73507.0,16568477.8,17250500.14,PRIME_BROKERAGE,2026-03-04
POS_000009,PAB_CITADEL,532457108,SHORT,18927.0,16568695.8,16893904.16,PRIME_BROKERAGE,2026-03-04
POS_000010,PAB_CITADEL,084670702,SHORT,34626.0,16568541.0,15707807.01,PRIME_BROKERAGE,2026-03-04
POS_000011,PAB_CITADEL,30231G102,SHORT,146365.0,16568518.0,15095508.82,PRIME_BROKERAGE,2026-03-04
POS_000012,PAB_CITADEL,46625H100,SHORT,67407.0,16568640.6,17752347.6,PRIME_BROKERAGE,2026-03-04
POS_000013,PAB_CITADEL,91324P102,SHORT,31326.0,16568321.4,15695484.15,PRIME_BROKERAGE,2026-03-04
POS_000014,PAB_CITADEL,464287440,SHORT,185123.0,16568508.5,14887619.54,PRIME_BROKERAGE,2026-03-04
POS_000015,PAB_CITADEL,TSLA26620P0,SHORT,2969.0,5522340.0,5526455.28,PRIME_BROKERAGE,2026-03-04
POS_000016,PAB_CITADEL,META26620C0,LONG,2254.0,5522300.0,5665583.57,PRIME_BROKERAGE,2026-03-04
POS_000017,PAB_MILLNM,02079K305,LONG,117397.0,20579694.1,21292032.8,PRIME_BROKERAGE,2026-03-04
POS_000018,PAB_MILLNM,464287614,LONG,91303.0,20579696.2,22165244.57,PRIME_BROKERAGE,2026-03-04
POS_000019,PAB_MILLNM,92826C839,LONG,61176.0,20579606.4,21630474.04,PRIME_BROKERAGE,2026-03-04
POS_000020,PAB_MILLNM,617446448,LONG,165166.0,20579683.6,21676513.51,PRIME_BROKERAGE,2026-03-04
POS_000021,PAB_MILLNM,88160R101,LONG,72058.0,20579764.8,19674774.69,PRIME_BROKERAGE,2026-03-04
POS_000022,PAB_MILLNM,78463V107,LONG,80295.0,20579608.5,19976256.78,PRIME_BROKERAGE,2026-03-04
POS_000023,PAB_MILLNM,037833100,LONG,90859.0,20579563.5,21543141.58,PRIME_BROKERAGE,2026-03-04
POS_000024,PAB_MILLNM,38141G104,LONG,35342.0,20579646.6,18779561.78,PRIME_BROKERAGE,2026-03-04
POS_000025,PAB_MILLNM,023135106,LONG,92534.0,20579561.6,19572277.26,PRIME_BROKERAGE,2026-03-04
POS_000026,PAB_MILLNM,46625H100,SHORT,47095.0,11575951.0,10811817.44,PRIME_BROKERAGE,2026-03-04
POS_000027,PAB_MILLNM,02079K305,SHORT,66036.0,11576110.8,12329463.67,PRIME_BROKERAGE,2026-03-04
POS_000028,PAB_MILLNM,30303M102,SHORT,17668.0,11576073.6,11780187.46,PRIME_BROKERAGE,2026-03-04
POS_000029,PAB_MILLNM,464287614,SHORT,51358.0,11576093.2,10695419.16,PRIME_BROKERAGE,2026-03-04
POS_000030,PAB_MILLNM,084670702,SHORT,24192.0,11575872.0,10937538.45,PRIME_BROKERAGE,2026-03-04
POS_000031,PAB_MILLNM,464287440,SHORT,129341.0,11576019.5,11965699.75,PRIME_BROKERAGE,2026-03-04
POS_000032,PAB_MILLNM,46090E103,SHORT,22774.0,11576024.2,10316409.1,PRIME_BROKERAGE,2026-03-04
POS_000033,PAB_MILLNM,88160R101,SHORT,40532.0,11575939.2,12089453.87,PRIME_BROKERAGE,2026-03-04
POS_000034,PAB_MILLNM,META26620C0,LONG,1575.0,3858750.0,4100412.8,PRIME_BROKERAGE,2026-03-04
POS_000035,PAB_MILLNM,AAPL26620P0,SHORT,4594.0,3858960.0,3559988.27,PRIME_BROKERAGE,2026-03-04
POS_000036,PAB_MILLNM,SPX260320P0,SHORT,854.0,3860080.0,3702304.56,PRIME_BROKERAGE,2026-03-04
POS_000037,PAB_POINT72,67066G104,LONG,141403.0,19584315.5,18652088.15,PRIME_BROKERAGE,2026-03-04
POS_000038,PAB_POINT72,46625H100,LONG,79676.0,19584360.8,21140635.08,PRIME_BROKERAGE,2026-03-04
POS_000039,PAB_POINT72,78463V107,LONG,76412.0,19584395.6,17776096.85,PRIME_BROKERAGE,2026-03-04
POS_000040,PAB_POINT72,084670702,LONG,40928.0,19584048.0,19166969.8,PRIME_BROKERAGE,2026-03-04
POS_000041,PAB_POINT72,46434G103,LONG,251726.0,19584282.8,20194459.17,PRIME_BROKERAGE,2026-03-04
POS_000042,PAB_POINT72,532457108,LONG,22372.0,19584448.8,20607160.11,PRIME_BROKERAGE,2026-03-04
POS_000043,PAB_POINT72,30231G102,LONG,173006.0,19584279.2,17832823.11,PRIME_BROKERAGE,2026-03-04
POS_000044,PAB_POINT72,92826C839,LONG,58217.0,19584198.8,17860718.81,PRIME_BROKERAGE,2026-03-04
POS_000045,PAB_POINT72,88160R101,LONG,68572.0,19584163.2,19899394.64,PRIME_BROKERAGE,2026-03-04
POS_000046,PAB_POINT72,02079K305,SHORT,71819.0,12589870.7,13246507.25,PRIME_BROKERAGE,2026-03-04
POS_000047,PAB_POINT72,91324P102,SHORT,23804.0,12589935.6,11108052.39,PRIME_BROKERAGE,2026-03-04
POS_000048,PAB_POINT72,46434G103,SHORT,161824.0,12589907.2,12893882.5,PRIME_BROKERAGE,2026-03-04
POS_000049,PAB_POINT72,30231G102,SHORT,111218.0,12589877.6,12795622.31,PRIME_BROKERAGE,2026-03-04
POS_000050,PAB_POINT72,46090E103,SHORT,24769.0,12590082.7,12431372.95,PRIME_BROKERAGE,2026-03-04
POS_000051,PAB_POINT72,46625H100,SHORT,51220.0,12589876.0,11750950.09,PRIME_BROKERAGE,2026-03-04
POS_000052,PAB_POINT72,78462F103,SHORT,21368.0,12590025.6,12693167.62,PRIME_BROKERAGE,2026-03-04
POS_000053,PAB_POINT72,QQQ261218P0,LONG,1647.0,3672810.0,3565360.99,PRIME_BROKERAGE,2026-03-04
POS_000054,PAB_POINT72,NVDA26320C0,SHORT,2869.0,3672320.0,3945458.42,PRIME_BROKERAGE,2026-03-04
POS_000055,PAB_DESHAW,023135106,LONG,59227.0,13172084.8,14011129.46,PRIME_BROKERAGE,2026-03-04
POS_000056,PAB_DESHAW,92826C839,LONG,39156.0,13172078.4,13169298.0,PRIME_BROKERAGE,2026-03-04
POS_000057,PAB_DESHAW,46090E103,LONG,25914.0,13172086.2,12878627.16,PRIME_BROKERAGE,2026-03-04
POS_000058,PAB_DESHAW,88160R101,LONG,46120.0,13171872.0,11885948.83,PRIME_BROKERAGE,2026-03-04
POS_000059,PAB_DESHAW,67066G104,LONG,95105.0,13172042.5,12547637.02,PRIME_BROKERAGE,2026-03-04
POS_000060,PAB_DESHAW,617446448,LONG,105714.0,13171964.4,14187052.3,PRIME_BROKERAGE,2026-03-04
POS_000061,PAB_DESHAW,91324P102,LONG,24905.0,13172254.5,13716992.57,PRIME_BROKERAGE,2026-03-04
POS_000062,PAB_DESHAW,02079K305,LONG,75140.0,13172042.0,12222212.14,PRIME_BROKERAGE,2026-03-04
POS_000063,PAB_DESHAW,46625H100,LONG,53588.0,13171930.4,12225847.52,PRIME_BROKERAGE,2026-03-04
POS_000064,PAB_DESHAW,30231G102,LONG,116361.0,13172065.2,13086069.91,PRIME_BROKERAGE,2026-03-04
POS_000065,PAB_DESHAW,02079K305,SHORT,125233.0,21953344.9,23612949.69,PRIME_BROKERAGE,2026-03-04
POS_000066,PAB_DESHAW,78462F103,SHORT,37260.0,21953592.0,21658123.74,PRIME_BROKERAGE,2026-03-04
POS_000067,PAB_DESHAW,78463V107,SHORT,85655.0,21953376.5,19871144.89,PRIME_BROKERAGE,2026-03-04
POS_000068,PAB_DESHAW,GS26919C00,SHORT,1794.0,2744820.0,2944842.12,PRIME_BROKERAGE,2026-03-04
POS_000069,PAB_DESHAW,QQQ261218P0,LONG,1231.0,2745130.0,2807141.92,PRIME_BROKERAGE,2026-03-04
POS_000070,PAB_DESHAW,SPX260619C0,SHORT,713.0,2745050.0,2961990.95,PRIME_BROKERAGE,2026-03-04
POS_000071,PAB_DESHAW,AAPL26620P0,SHORT,3267.0,2744280.0,2655420.26,PRIME_BROKERAGE,2026-03-04
POS_000072,PAB_TWOSIG,084670702,LONG,53055.0,25386817.5,25328123.76,PRIME_BROKERAGE,2026-03-04
POS_000073,PAB_TWOSIG,78463V107,LONG,99051.0,25386771.3,22376869.18,PRIME_BROKERAGE,2026-03-04
POS_000074,PAB_TWOSIG,02079K305,LONG,144818.0,25386595.4,25934138.3,PRIME_BROKERAGE,2026-03-04
POS_000075,PAB_TWOSIG,38141G104,LONG,43597.0,25386533.1,22639069.29,PRIME_BROKERAGE,2026-03-04
POS_000076,PAB_TWOSIG,037833100,LONG,112082.0,25386573.0,22682396.91,PRIME_BROKERAGE,2026-03-04
POS_000077,PAB_TWOSIG,46434G103,LONG,326307.0,25386684.6,22499776.62,PRIME_BROKERAGE,2026-03-04
POS_000078,PAB_TWOSIG,02079K305,SHORT,86891.0,15231992.3,14056803.9,PRIME_BROKERAGE,2026-03-04
POS_000079,PAB_TWOSIG,46090E103,SHORT,29967.0,15232226.1,13807439.77,PRIME_BROKERAGE,2026-03-04
POS_000080,PAB_TWOSIG,084670702,SHORT,31833.0,15232090.5,16254207.16,PRIME_BROKERAGE,2026-03-04
POS_000081,PAB_TWOSIG,46625H100,SHORT,61969.0,15231980.2,15143765.99,PRIME_BROKERAGE,2026-03-04
POS_000082,PAB_TWOSIG,78462F103,SHORT,25852.0,15231998.4,14844103.46,PRIME_BROKERAGE,2026-03-04
POS_000083,PAB_TWOSIG,META26620C0,LONG,1295.0,3172750.0,3210177.5,PRIME_BROKERAGE,2026-03-04
POS_000084,PAB_TWOSIG,SPX260619C0,SHORT,824.0,3172400.0,3060464.16,PRIME_BROKERAGE,2026-03-04
POS_000085,PAB_TWOSIG,SPX260320P0,SHORT,702.0,3173040.0,3340472.91,PRIME_BROKERAGE,2026-03-04
POS_000086,PAB_AQR,78463V107,LONG,18409.0,4718226.7,4284321.87,PRIME_BROKERAGE,2026-03-04
POS_000087,PAB_AQR,023135106,LONG,21215.0,4718216.0,4325177.32,PRIME_BROKERAGE,2026-03-04
POS_000088,PAB_AQR,594918104,LONG,11347.0,4718082.6,4588456.18,PRIME_BROKERAGE,2026-03-04
POS_000089,PAB_AQR,91324P102,LONG,8921.0,4718316.9,4977339.24,PRIME_BROKERAGE,2026-03-04
POS_000090,PAB_AQR,38141G104,LONG,8103.0,4718376.9,4223310.54,PRIME_BROKERAGE,2026-03-04
POS_000091,PAB_AQR,46434G103,LONG,60645.0,4718181.0,4914478.32,PRIME_BROKERAGE,2026-03-04
POS_000092,PAB_AQR,78462F103,LONG,8008.0,4718313.6,4959860.01,PRIME_BROKERAGE,2026-03-04
POS_000093,PAB_AQR,30231G102,LONG,41680.0,4718176.0,4244385.0,PRIME_BROKERAGE,2026-03-04
POS_000094,PAB_AQR,532457108,LONG,5390.0,4718406.0,4767614.16,PRIME_BROKERAGE,2026-03-04
POS_000095,PAB_AQR,46625H100,LONG,19195.0,4718131.0,4662068.22,PRIME_BROKERAGE,2026-03-04
POS_000096,PAB_AQR,084670702,LONG,9860.0,4718010.0,4165774.34,PRIME_BROKERAGE,2026-03-04
POS_000097,PAB_AQR,084670702,SHORT,18077.0,8649844.5,8452007.2,PRIME_BROKERAGE,2026-03-04
POS_000098,PAB_AQR,30303M102,SHORT,13202.0,8649950.4,7981737.06,PRIME_BROKERAGE,2026-03-04
POS_000099,PAB_AQR,532457108,SHORT,9881.0,8649827.4,8305633.97,PRIME_BROKERAGE,2026-03-04
POS_000100,PAB_AQR,AAPL26620P0,LONG,1287.0,1081080.0,1164389.94,PRIME_BROKERAGE,2026-03-04
POS_000101,PAB_AQR,NVDA26320C0,SHORT,845.0,1081600.0,1152232.39,PRIME_BROKERAGE,2026-03-04
POS_000102,PAB_RENAISS,532457108,LONG,45755.0,40053927.0,39887144.78,PRIME_BROKERAGE,2026-03-04
POS_000103,PAB_RENAISS,464287614,LONG,177701.0,40053805.4,39590744.97,PRIME_BROKERAGE,2026-03-04
POS_000104,PAB_RENAISS,78462F103,LONG,67980.0,40053816.0,41239213.17,PRIME_BROKERAGE,2026-03-04
POS_000105,PAB_RENAISS,67066G104,LONG,289198.0,40053923.0,35705390.93,PRIME_BROKERAGE,2026-03-04
POS_000106,PAB_RENAISS,88160R101,LONG,140245.0,40053972.0,39927221.96,PRIME_BROKERAGE,2026-03-04
POS_000107,PAB_RENAISS,92826C839,LONG,119066.0,40053802.4,39275560.09,PRIME_BROKERAGE,2026-03-04
POS_000108,PAB_RENAISS,023135106,LONG,180098.0,40053795.2,42078273.36,PRIME_BROKERAGE,2026-03-04
POS_000109,PAB_RENAISS,037833100,LONG,176838.0,40053807.0,36508506.18,PRIME_BROKERAGE,2026-03-04
POS_000110,PAB_RENAISS,02079K305,SHORT,130564.0,22887869.2,24451550.7,PRIME_BROKERAGE,2026-03-04
POS_000111,PAB_RENAISS,30303M102,SHORT,34933.0,22888101.6,22749287.14,PRIME_BROKERAGE,2026-03-04
POS_000112,PAB_RENAISS,78463V107,SHORT,89301.0,22887846.3,22791346.83,PRIME_BROKERAGE,2026-03-04
POS_000113,PAB_RENAISS,464287440,SHORT,255731.0,22887924.5,20323294.39,PRIME_BROKERAGE,2026-03-04
POS_000114,PAB_RENAISS,084670702,SHORT,47833.0,22888090.5,20516808.36,PRIME_BROKERAGE,2026-03-04
POS_000115,PAB_RENAISS,91324P102,SHORT,43275.0,22888147.5,23150780.59,PRIME_BROKERAGE,2026-03-04
POS_000116,PAB_RENAISS,594918104,SHORT,55046.0,22888126.8,22728948.68,PRIME_BROKERAGE,2026-03-04
POS_000117,PAB_RENAISS,QQQ261218P0,SHORT,2994.0,6676620.0,6194148.68,PRIME_BROKERAGE,2026-03-04
POS_000118,PAB_RENAISS,SPX260619C0,SHORT,1734.0,6675900.0,6049538.06,PRIME_BROKERAGE,2026-03-04
POS_000119,PAB_RENAISS,TSLA26620P0,SHORT,3589.0,6675540.0,6484919.38,PRIME_BROKERAGE,2026-03-04
POS_000120,PAB_ELLIOTT,037833100,LONG,80125.0,18148312.5,17806705.7,PRIME_BROKERAGE,2026-03-04
POS_000121,PAB_ELLIOTT,30231G102,LONG,160320.0,18148224.0,16451207.42,PRIME_BROKERAGE,2026-03-04
POS_000122,PAB_ELLIOTT,464287440,LONG,202773.0,18148183.5,17237176.76,PRIME_BROKERAGE,2026-03-04
POS_000123,PAB_ELLIOTT,023135106,LONG,81602.0,18148284.8,16220179.5,PRIME_BROKERAGE,2026-03-04
POS_000124,PAB_ELLIOTT,02079K305,LONG,103527.0,18148283.1,16857157.68,PRIME_BROKERAGE,2026-03-04
POS_000125,PAB_ELLIOTT,88160R101,LONG,63544.0,18148166.4,17004786.15,PRIME_BROKERAGE,2026-03-04
POS_000126,PAB_ELLIOTT,464287614,SHORT,40258.0,9074153.2,9689253.76,PRIME_BROKERAGE,2026-03-04
POS_000127,PAB_ELLIOTT,92826C839,SHORT,26974.0,9074053.6,8228880.12,PRIME_BROKERAGE,2026-03-04
POS_000128,PAB_ELLIOTT,46090E103,SHORT,17852.0,9074171.6,8194754.92,PRIME_BROKERAGE,2026-03-04
POS_000129,PAB_ELLIOTT,037833100,SHORT,40062.0,9074043.0,8179407.65,PRIME_BROKERAGE,2026-03-04
POS_000130,PAB_ELLIOTT,46434G103,SHORT,116634.0,9074125.2,8989234.29,PRIME_BROKERAGE,2026-03-04
POS_000131,PAB_ELLIOTT,023135106,SHORT,40801.0,9074142.4,8479510.6,PRIME_BROKERAGE,2026-03-04
POS_000132,PAB_ELLIOTT,NVDA26320C0,SHORT,1772.0,2268160.0,2225250.52,PRIME_BROKERAGE,2026-03-04
POS_000133,PAB_ELLIOTT,TSLA26620P0,SHORT,1220.0,2269200.0,2407773.91,PRIME_BROKERAGE,2026-03-04
POS_000134,PAB_ELLIOTT,AAPL26620P0,LONG,2701.0,2268840.0,2038461.29,PRIME_BROKERAGE,2026-03-04
POS_000135,PAB_ELLIOTT,SPX260619C0,SHORT,589.0,2267650.0,2371666.24,PRIME_BROKERAGE,2026-03-04
POS_000136,PAB_THIRDPT,67066G104,LONG,29702.0,4113727.0,4397616.07,PRIME_BROKERAGE,2026-03-04
POS_000137,PAB_THIRDPT,46625H100,LONG,16736.0,4113708.8,4188594.45,PRIME_BROKERAGE,2026-03-04
POS_000138,PAB_THIRDPT,30303M102,LONG,6279.0,4114000.8,3742962.59,PRIME_BROKERAGE,2026-03-04
POS_000139,PAB_THIRDPT,30231G102,LONG,36340.0,4113688.0,3649687.14,PRIME_BROKERAGE,2026-03-04
POS_000140,PAB_THIRDPT,532457108,LONG,4699.0,4113504.6,3923638.38,PRIME_BROKERAGE,2026-03-04
POS_000141,PAB_THIRDPT,037833100,LONG,18162.0,4113693.0,4074633.56,PRIME_BROKERAGE,2026-03-04
POS_000142,PAB_THIRDPT,594918104,LONG,9893.0,4113509.4,3973474.61,PRIME_BROKERAGE,2026-03-04
POS_000143,PAB_THIRDPT,464287614,LONG,18251.0,4113775.4,3654537.26,PRIME_BROKERAGE,2026-03-04
POS_000144,PAB_THIRDPT,594918104,SHORT,7915.0,3291057.0,3128925.47,PRIME_BROKERAGE,2026-03-04
POS_000145,PAB_THIRDPT,617446448,SHORT,26412.0,3290935.2,3264531.05,PRIME_BROKERAGE,2026-03-04
POS_000146,PAB_THIRDPT,88160R101,SHORT,11523.0,3290968.8,3471783.0,PRIME_BROKERAGE,2026-03-04
POS_000147,PAB_THIRDPT,084670702,SHORT,6878.0,3291123.0,3537191.72,PRIME_BROKERAGE,2026-03-04
POS_000148,PAB_THIRDPT,023135106,SHORT,14798.0,3291075.2,3389463.61,PRIME_BROKERAGE,2026-03-04
POS_000149,PAB_THIRDPT,AAPL26620P0,LONG,816.0,685440.0,724018.78,PRIME_BROKERAGE,2026-03-04
POS_000150,PAB_THIRDPT,META26620C0,LONG,280.0,686000.0,628288.28,PRIME_BROKERAGE,2026-03-04
POS_000151,PAB_MANGA,532457108,LONG,12511.0,10952129.4,10403774.73,PRIME_BROKERAGE,2026-03-04
POS_000152,PAB_MANGA,084670702,LONG,22889.0,10952386.5,11435466.44,PRIME_BROKERAGE,2026-03-04
POS_000153,PAB_MANGA,46625H100,LONG,44559.0,10952602.2,11546940.86,PRIME_BROKERAGE,2026-03-04
POS_000154,PAB_MANGA,30303M102,LONG,16716.0,10952323.2,10126350.56,PRIME_BROKERAGE,2026-03-04
POS_000155,PAB_MANGA,023135106,LONG,49247.0,10952532.8,11084035.88,PRIME_BROKERAGE,2026-03-04
POS_000156,PAB_MANGA,91324P102,LONG,20708.0,10952461.2,10511002.49,PRIME_BROKERAGE,2026-03-04
POS_000157,PAB_MANGA,78463V107,LONG,42733.0,10952467.9,10248449.97,PRIME_BROKERAGE,2026-03-04
POS_000158,PAB_MANGA,037833100,LONG,48356.0,10952634.0,9790385.94,PRIME_BROKERAGE,2026-03-04
POS_000159,PAB_MANGA,46434G103,LONG,140778.0,10952528.4,11332201.38,PRIME_BROKERAGE,2026-03-04
POS_000160,PAB_MANGA,46090E103,LONG,21547.0,10952340.1,10407233.65,PRIME_BROKERAGE,2026-03-04
POS_000161,PAB_MANGA,617446448,LONG,87902.0,10952589.2,10754140.72,PRIME_BROKERAGE,2026-03-04
POS_000162,PAB_MANGA,78462F103,LONG,18589.0,10952638.8,11126825.45,PRIME_BROKERAGE,2026-03-04
POS_000163,PAB_MANGA,38141G104,SHORT,16122.0,9387840.6,8464832.89,PRIME_BROKERAGE,2026-03-04
POS_000164,PAB_MANGA,037833100,SHORT,41448.0,9387972.0,9077349.84,PRIME_BROKERAGE,2026-03-04
POS_000165,PAB_MANGA,023135106,SHORT,42212.0,9387948.8,9629303.69,PRIME_BROKERAGE,2026-03-04
POS_000166,PAB_MANGA,46625H100,SHORT,38193.0,9387839.4,8850249.12,PRIME_BROKERAGE,2026-03-04
POS_000167,PAB_MANGA,30303M102,SHORT,14328.0,9387705.6,9399362.98,PRIME_BROKERAGE,2026-03-04
POS_000168,PAB_MANGA,464287614,SHORT,41650.0,9387910.0,9221599.53,PRIME_BROKERAGE,2026-03-04
POS_000169,PAB_MANGA,46434G103,SHORT,120667.0,9387892.6,8984580.16,PRIME_BROKERAGE,2026-03-04
POS_000170,PAB_MANGA,NVDA26320C0,LONG,2139.0,2737920.0,2694069.66,PRIME_BROKERAGE,2026-03-04
POS_000171,PAB_MANGA,AAPL26620P0,LONG,3260.0,2738400.0,2609268.82,PRIME_BROKERAGE,2026-03-04
POS_000172,PAB_MANGA,SPX260320P0,LONG,606.0,2739120.0,2930241.82,PRIME_BROKERAGE,2026-03-04
POS_000173,PAB_MANGA,GS26919C00,SHORT,1790.0,2738700.0,2751383.14,PRIME_BROKERAGE,2026-03-04
POS_000174,CUST_BLKRK,92826C839,LONG,123910.0,41683324.0,39073228.6,PRIME_BROKERAGE,2026-03-04
POS_000175,CUST_BLKRK,46090E103,LONG,134197.0,68212335.1,65891589.8,PRIME_BROKERAGE,2026-03-04
POS_000176,CUST_BLKRK,78463V107,LONG,449715.0,115261954.5,114800555.85,PRIME_BROKERAGE,2026-03-04
POS_000177,CUST_BLKRK,532457108,LONG,104475.0,91457415.0,92458061.99,PRIME_BROKERAGE,2026-03-04
POS_000178,CUST_BLKRK,38141G104,LONG,192106.0,111863323.8,108842749.84,PRIME_BROKERAGE,2026-03-04
POS_000179,CUST_BLKRK,91324P102,LONG,162346.0,85864799.4,83154215.97,PRIME_BROKERAGE,2026-03-04
POS_000180,CUST_BLKRK,617446448,LONG,460665.0,57398859.0,52964239.24,PRIME_BROKERAGE,2026-03-04
POS_000181,CUST_BLKRK,67066G104,LONG,575810.0,79749685.0,77727012.65,PRIME_BROKERAGE,2026-03-04
POS_000182,CUST_BLKRK,46625H100,LONG,122870.0,30201446.0,32020665.29,PRIME_BROKERAGE,2026-03-04
POS_000183,CUST_VANGRD,02079K305,LONG,251742.0,44130372.6,42362093.84,PRIME_BROKERAGE,2026-03-04
POS_000184,CUST_VANGRD,92826C839,LONG,103582.0,34844984.8,31692010.88,PRIME_BROKERAGE,2026-03-04
POS_000185,CUST_VANGRD,46090E103,LONG,237919.0,120934227.7,123053537.47,PRIME_BROKERAGE,2026-03-04
POS_000186,CUST_VANGRD,38141G104,LONG,148929.0,86721356.7,91797328.14,PRIME_BROKERAGE,2026-03-04
POS_000187,CUST_VANGRD,78463V107,LONG,394674.0,101154946.2,106423916.48,PRIME_BROKERAGE,2026-03-04
POS_000188,CUST_VANGRD,084670702,LONG,151332.0,72412362.0,76546603.96,PRIME_BROKERAGE,2026-03-04
POS_000189,CUST_VANGRD,464287614,LONG,496698.0,111955729.2,115950766.55,PRIME_BROKERAGE,2026-03-04
POS_000190,CUST_VANGRD,67066G104,LONG,602547.0,83452759.5,77091007.71,PRIME_BROKERAGE,2026-03-04
POS_000191,CUST_VANGRD,023135106,LONG,434134.0,96551401.6,100492820.14,PRIME_BROKERAGE,2026-03-04
POS_000192,CUST_VANGRD,91324P102,LONG,124511.0,65853867.9,67117100.19,PRIME_BROKERAGE,2026-03-04
POS_000193,CUST_FIDELTY,023135106,LONG,128066.0,28481878.4,26426887.31,PRIME_BROKERAGE,2026-03-04
POS_000194,CUST_FIDELTY,30231G102,LONG,410539.0,46473014.8,44984694.13,PRIME_BROKERAGE,2026-03-04
POS_000195,CUST_FIDELTY,67066G104,LONG,210833.0,29200370.5,29863480.91,PRIME_BROKERAGE,2026-03-04
POS_000196,CUST_FIDELTY,46434G103,LONG,237210.0,18454938.0,17105858.33,PRIME_BROKERAGE,2026-03-04
POS_000197,CUST_FIDELTY,46090E103,LONG,88084.0,44773097.2,42407712.42,PRIME_BROKERAGE,2026-03-04
POS_000198,CUST_FIDELTY,38141G104,LONG,50414.0,29356072.2,31076495.57,PRIME_BROKERAGE,2026-03-04
POS_000199,CUST_FIDELTY,91324P102,LONG,76880.0,40661832.0,36437699.2,PRIME_BROKERAGE,2026-03-04
POS_000200,CUST_FIDELTY,084670702,LONG,91876.0,43962666.0,40013329.65,PRIME_BROKERAGE,2026-03-04
POS_000201,CUST_FIDELTY,92826C839,LONG,68021.0,22882264.4,21889335.64,PRIME_BROKERAGE,2026-03-04
POS_000202,CUST_FIDELTY,617446448,LONG,334128.0,41632348.8,37908795.38,PRIME_BROKERAGE,2026-03-04
POS_000203,CUST_FIDELTY,46625H100,LONG,124695.0,30650031.0,28283559.74,PRIME_BROKERAGE,2026-03-04
POS_000204,CUST_PIMCO,912810TZ1,LONG,91637000.0,86945185.6,83284390.08,INST_FIXED_INCOME,2026-03-04
POS_000205,CUST_PIMCO,91282CJZ1,LONG,87426000.0,86945157.0,89897741.02,INST_FIXED_INCOME,2026-03-04
POS_000206,CUST_PIMCO,912796YB0,LONG,87664000.0,86945155.2,92962838.64,INST_FIXED_INCOME,2026-03-04
POS_000207,CUST_PIMCO,91282CJW8,LONG,87084000.0,86944665.6,76850945.62,INST_FIXED_INCOME,2026-03-04
POS_000208,CUST_PIMCO,912810TW8,LONG,90454000.0,86944384.8,91824689.15,INST_FIXED_INCOME,2026-03-04
POS_000209,CUST_PIMCO,3137EAEX3,LONG,31654000.0,31616015.2,32586469.58,INST_FIXED_INCOME,2026-03-04
POS_000210,CUST_PIMCO,3137EAEY1,LONG,31961000.0,31615821.2,33218414.22,INST_FIXED_INCOME,2026-03-04
POS_000211,CUST_PIMCO,3135G0W33,LONG,31632000.0,31616184.0,33851007.72,INST_FIXED_INCOME,2026-03-04
POS_000212,CUST_PIMCO,3135G0X24,LONG,31737000.0,31616399.4,30472020.32,INST_FIXED_INCOME,2026-03-04
POS_000213,CUST_PIMCO,3135G0Y35,LONG,32114000.0,31616233.0,32549010.95,INST_FIXED_INCOME,2026-03-04
POS_000214,CUST_PIMCO,46625HKE3,LONG,13670000.0,13549704.0,12977519.52,INST_FIXED_INCOME,2026-03-04
POS_000215,CUST_PIMCO,097023BW3,LONG,13383000.0,13550287.5,13736938.97,INST_FIXED_INCOME,2026-03-04
POS_000216,CUST_PIMCO,594918BV5,LONG,13852000.0,13550026.4,14086993.15,INST_FIXED_INCOME,2026-03-04
POS_000217,CUST_PIMCO,023135BW5,LONG,14063000.0,13549700.5,13886224.59,INST_FIXED_INCOME,2026-03-04
POS_000218,CUST_PIMCO,00206RMK5,LONG,14085000.0,13549770.0,14201529.28,INST_FIXED_INCOME,2026-03-04
POS_000219,CUST_PIMCO,92343VGC2,LONG,13721000.0,13549487.5,14415412.54,INST_FIXED_INCOME,2026-03-04
POS_000220,CUST_PIMCO,037833DV9,LONG,13763000.0,13549673.5,14581405.2,INST_FIXED_INCOME,2026-03-04
POS_000221,CUST_PIMCO,36179MU33,LONG,21130000.0,21077175.0,21257383.36,INST_FIXED_INCOME,2026-03-04
POS_000222,CUST_PIMCO,36179MU32,LONG,20817000.0,21077212.5,19119980.39,INST_FIXED_INCOME,2026-03-04
POS_000223,CUST_PIMCO,31418DXH3,LONG,21399000.0,21078015.0,20494990.55,INST_FIXED_INCOME,2026-03-04
POS_000224,CUST_PIMCO,MUN00300X,LONG,13121000.0,13173484.0,12150326.59,INST_FIXED_INCOME,2026-03-04
POS_000225,CUST_PIMCO,MUN00200X,LONG,13062000.0,13173027.0,12453373.48,INST_FIXED_INCOME,2026-03-04
POS_000226,CUST_PIMCO,MUN00400X,LONG,13340000.0,13173250.0,13598033.85,INST_FIXED_INCOME,2026-03-04
POS_000227,CUST_BRIDGW,91324P102,LONG,32593.0,17238437.7,15236652.69,INSTITUTIONAL_EQUITY,2026-03-04
POS_000228,CUST_BRIDGW,532457108,LONG,19692.0,17238376.8,17029513.34,INSTITUTIONAL_EQUITY,2026-03-04
POS_000229,CUST_BRIDGW,88160R101,LONG,60358.0,17238244.8,18616986.61,INSTITUTIONAL_EQUITY,2026-03-04
POS_000230,CUST_BRIDGW,67066G104,LONG,124463.0,17238125.5,16376082.51,INSTITUTIONAL_EQUITY,2026-03-04
POS_000231,CUST_BRIDGW,594918104,LONG,41458.0,17238236.4,17411115.55,INSTITUTIONAL_EQUITY,2026-03-04
POS_000232,CUST_BRIDGW,084670702,LONG,36025.0,17237962.5,17862780.2,INSTITUTIONAL_EQUITY,2026-03-04
POS_000233,CUST_BRIDGW,3135G0Y35,LONG,23638000.0,23271611.0,24385059.13,INST_FIXED_INCOME,2026-03-04
POS_000234,CUST_BRIDGW,912796YB0,LONG,23464000.0,23271595.2,23370898.15,INST_FIXED_INCOME,2026-03-04
POS_000235,CUST_BRIDGW,3137EAEX3,LONG,23300000.0,23272040.0,21589680.69,INST_FIXED_INCOME,2026-03-04
POS_000236,CUST_BRIDGW,91282CJZ1,LONG,23400000.0,23271300.0,22682820.3,INST_FIXED_INCOME,2026-03-04
POS_000237,CUST_BRIDGW,3135G0X24,LONG,23360000.0,23271232.0,21011080.83,INST_FIXED_INCOME,2026-03-04
POS_000238,CUST_BRIDGW,46090E103,SHORT,38153.0,19393169.9,19778958.12,PRIME_BROKERAGE,2026-03-04
POS_000239,CUST_BRIDGW,464287440,SHORT,216681.0,19392949.5,20040278.78,PRIME_BROKERAGE,2026-03-04
POS_000240,CUST_BAUPOS,30303M102,LONG,8130.0,5326776.0,5521347.52,PRIME_BROKERAGE,2026-03-04
POS_000241,CUST_BAUPOS,92826C839,LONG,39610.0,13324804.0,12651111.94,PRIME_BROKERAGE,2026-03-04
POS_000242,CUST_BAUPOS,023135106,LONG,56205.0,12499992.0,12070937.31,PRIME_BROKERAGE,2026-03-04
POS_000243,CUST_BAUPOS,037833100,LONG,25006.0,5663859.0,5403968.16,PRIME_BROKERAGE,2026-03-04
POS_000244,CUST_BAUPOS,46434G103,LONG,184963.0,14390121.4,14119474.27,PRIME_BROKERAGE,2026-03-04
POS_000245,CUST_BAUPOS,91324P102,LONG,29122.0,15402625.8,14605481.92,PRIME_BROKERAGE,2026-03-04
POS_000246,CUST_BAUPOS,88160R101,LONG,42545.0,12150852.0,12757363.3,PRIME_BROKERAGE,2026-03-04
POS_000247,CUST_BAUPOS,617446448,LONG,47456.0,5913017.6,6175946.93,PRIME_BROKERAGE,2026-03-04
POS_000248,CUST_BAUPOS,464287440,LONG,191515.0,17140592.5,15445521.15,PRIME_BROKERAGE,2026-03-04
POS_000249,CUST_VIKING,67066G104,LONG,209293.0,28987080.5,31004944.09,PRIME_BROKERAGE,2026-03-04
POS_000250,CUST_VIKING,532457108,LONG,15731.0,13770917.4,12354201.12,PRIME_BROKERAGE,2026-03-04
POS_000251,CUST_VIKING,30303M102,LONG,29060.0,19040112.0,19497359.01,PRIME_BROKERAGE,2026-03-04
POS_000252,CUST_VIKING,46090E103,LONG,44293.0,22514131.9,22012417.29,PRIME_BROKERAGE,2026-03-04
POS_000253,CUST_VIKING,46625H100,LONG,69141.0,16994857.8,17532454.96,PRIME_BROKERAGE,2026-03-04
POS_000254,CUST_VIKING,78462F103,LONG,14660.0,8637672.0,8794202.75,PRIME_BROKERAGE,2026-03-04
POS_000255,CUST_VIKING,084670702,LONG,59049.0,28254946.5,28514343.3,PRIME_BROKERAGE,2026-03-04
POS_000256,CUST_VIKING,88160R101,LONG,43036.0,12291081.6,12022696.82,PRIME_BROKERAGE,2026-03-04
POS_000257,CUST_VIKING,617446448,LONG,104443.0,13013597.8,13515747.95,PRIME_BROKERAGE,2026-03-04
POS_000258,CUST_VIKING,92826C839,LONG,80225.0,26987690.0,24251426.2,PRIME_BROKERAGE,2026-03-04
POS_000259,CUST_VIKING,78463V107,LONG,62711.0,16072829.3,14856426.01,PRIME_BROKERAGE,2026-03-04
POS_000260,CUST_VIKING,464287440,LONG,323528.0,28955756.0,29487309.29,PRIME_BROKERAGE,2026-03-04
POS_000261,CUST_VIKING,023135106,LONG,110980.0,24681952.0,23231670.27,PRIME_BROKERAGE,2026-03-04
POS_000262,CUST_VIKING,594918104,LONG,34979.0,14544268.2,14490616.1,PRIME_BROKERAGE,2026-03-04
POS_000263,CUST_VIKING,02079K305,LONG,46748.0,8194924.4,7987200.26,PRIME_BROKERAGE,2026-03-04
POS_000264,CUST_LONEP,464287614,LONG,35510.0,8003954.0,7130764.27,PRIME_BROKERAGE,2026-03-04
POS_000265,CUST_LONEP,38141G104,LONG,28072.0,16346325.6,15339838.67,PRIME_BROKERAGE,2026-03-04
POS_000266,CUST_LONEP,617446448,LONG,74635.0,9299521.0,9939494.72,PRIME_BROKERAGE,2026-03-04
POS_000267,CUST_LONEP,30231G102,LONG,124327.0,14073816.4,14180410.51,PRIME_BROKERAGE,2026-03-04
POS_000268,CUST_LONEP,46625H100,LONG,67842.0,16675563.6,17185142.73,PRIME_BROKERAGE,2026-03-04
POS_000269,CUST_LONEP,92826C839,LONG,42163.0,14183633.2,12772610.33,PRIME_BROKERAGE,2026-03-04
POS_000270,CUST_LONEP,67066G104,LONG,144658.0,20035133.0,17680064.84,PRIME_BROKERAGE,2026-03-04
POS_000271,CUST_LONEP,023135106,LONG,79946.0,17779990.4,16657501.65,PRIME_BROKERAGE,2026-03-04
POS_000272,CUST_LONEP,594918104,LONG,23089.0,9600406.2,9367527.63,PRIME_BROKERAGE,2026-03-04
POS_000273,CUST_LONEP,464287440,LONG,118282.0,10586239.0,10037249.21,PRIME_BROKERAGE,2026-03-04
POS_000274,CUST_LONEP,532457108,LONG,11072.0,9692428.8,10400940.78,PRIME_BROKERAGE,2026-03-04
POS_000275,CUST_LONEP,30303M102,LONG,24237.0,15880082.4,14776348.04,PRIME_BROKERAGE,2026-03-04
POS_000276,CUST_LONEP,91324P102,LONG,13260.0,7013214.0,7380317.83,PRIME_BROKERAGE,2026-03-04
POS_000277,CUST_LONEP,02079K305,LONG,32956.0,5777186.8,5215744.93,PRIME_BROKERAGE,2026-03-04
POS_000278,CUST_TIGER,02079K305,LONG,41452.0,7266535.6,6988252.82,PRIME_BROKERAGE,2026-03-04
POS_000279,CUST_TIGER,464287440,LONG,41234.0,3690443.0,3756406.82,PRIME_BROKERAGE,2026-03-04
POS_000280,CUST_TIGER,594918104,LONG,12973.0,5394173.4,5253830.47,PRIME_BROKERAGE,2026-03-04
POS_000281,CUST_TIGER,67066G104,LONG,32200.0,4459700.0,3953648.79,PRIME_BROKERAGE,2026-03-04
POS_000282,CUST_TIGER,464287614,LONG,23415.0,5277741.0,4948520.68,PRIME_BROKERAGE,2026-03-04
POS_000283,CUST_TIGER,92826C839,LONG,6846.0,2302994.4,2156854.84,PRIME_BROKERAGE,2026-03-04
POS_000284,CUST_TIGER,46434G103,LONG,97282.0,7568539.6,7961508.37,PRIME_BROKERAGE,2026-03-04
POS_000285,CUST_TIGER,023135106,LONG,11381.0,2531134.4,2263431.38,PRIME_BROKERAGE,2026-03-04
POS_000286,CUST_TIGER,30231G102,LONG,56657.0,6413572.4,5943359.81,PRIME_BROKERAGE,2026-03-04
POS_000287,CUST_TIGER,46625H100,LONG,22826.0,5610630.8,5234218.77,PRIME_BROKERAGE,2026-03-04
POS_000288,CUST_TIGER,88160R101,LONG,12252.0,3499171.2,3633012.92,PRIME_BROKERAGE,2026-03-04
POS_000289,CUST_TIGER,78462F103,LONG,4117.0,2425736.4,2420782.85,PRIME_BROKERAGE,2026-03-04
POS_000290,CUST_TIGER,532457108,LONG,3831.0,3353657.4,3490423.36,PRIME_BROKERAGE,2026-03-04
POS_000291,CUST_TIGER,38141G104,LONG,8897.0,5180723.1,4764005.64,PRIME_BROKERAGE,2026-03-04
POS_000292,CUST_TIGER,617446448,LONG,23005.0,2866423.0,2588251.73,PRIME_BROKERAGE,2026-03-04
POS_000293,CUST_COATUE,46625H100,LONG,36617.0,9000458.6,9007143.49,PRIME_BROKERAGE,2026-03-04
POS_000294,CUST_COATUE,67066G104,LONG,67471.0,9344733.5,8271705.59,PRIME_BROKERAGE,2026-03-04
POS_000295,CUST_COATUE,02079K305,LONG,42366.0,7426759.8,6875581.95,PRIME_BROKERAGE,2026-03-04
POS_000296,CUST_COATUE,594918104,LONG,20619.0,8573380.2,8700777.83,PRIME_BROKERAGE,2026-03-04
POS_000297,CUST_COATUE,30303M102,LONG,10769.0,7055848.8,7423482.33,PRIME_BROKERAGE,2026-03-04
POS_000298,CUST_COATUE,92826C839,LONG,30247.0,10175090.8,10148885.73,PRIME_BROKERAGE,2026-03-04
POS_000299,CUST_COATUE,78462F103,LONG,15248.0,8984121.6,7943302.95,PRIME_BROKERAGE,2026-03-04
POS_000300,CUST_COATUE,617446448,LONG,87092.0,10851663.2,11209248.03,PRIME_BROKERAGE,2026-03-04
POS_000301,CUST_COATUE,30231G102,LONG,125854.0,14246672.8,14877576.01,PRIME_BROKERAGE,2026-03-04
POS_000302,CUST_COATUE,46434G103,LONG,159923.0,12442009.4,12382902.35,PRIME_BROKERAGE,2026-03-04
POS_000303,FIRM_MM_EQ,30303M102,SHORT,26616.0,17439022.46,18642990.04,MARKET_MAKING,2026-03-04
POS_000304,FIRM_MM_EQ,78462F103,LONG,39112.0,23044756.9,21728980.36,MARKET_MAKING,2026-03-04
POS_000305,FIRM_MM_EQ,46090E103,SHORT,13694.0,6960721.25,7200932.85,MARKET_MAKING,2026-03-04
POS_000306,FIRM_MM_EQ,30231G102,LONG,54325.0,6149536.68,6078932.12,MARKET_MAKING,2026-03-04
POS_000307,FIRM_MM_EQ,46625H100,SHORT,9065.0,2228252.31,2191904.79,MARKET_MAKING,2026-03-04
POS_000308,FIRM_MM_EQ,78463V107,SHORT,51906.0,13303419.55,13729103.79,MARKET_MAKING,2026-03-04
POS_000309,FIRM_MM_EQ,92826C839,LONG,25029.0,8419828.89,7630071.22,MARKET_MAKING,2026-03-04
POS_000310,FIRM_MM_EQ,88160R101,SHORT,37859.0,10812446.76,11024911.4,MARKET_MAKING,2026-03-04
POS_000311,FIRM_MM_EQ,38141G104,LONG,7165.0,4172300.73,4197353.12,MARKET_MAKING,2026-03-04
POS_000312,FIRM_MM_EQ,084670702,LONG,58234.0,27864831.14,26252851.43,MARKET_MAKING,2026-03-04
POS_000313,FIRM_MM_EQ,594918104,LONG,46419.0,19300960.19,17344650.39,MARKET_MAKING,2026-03-04
POS_000314,FIRM_MM_EQ,617446448,LONG,39609.0,4935230.57,4458947.41,MARKET_MAKING,2026-03-04
POS_000315,FIRM_MM_EQ,46434G103,LONG,42378.0,3297021.07,3373909.79,MARKET_MAKING,2026-03-04
POS_000316,FIRM_MM_EQ,532457108,SHORT,36162.0,31656018.47,30912099.35,MARKET_MAKING,2026-03-04
POS_000317,FIRM_MM_EQ,02079K305,SHORT,23280.0,4080952.09,4041175.11,MARKET_MAKING,2026-03-04
POS_000318,FIRM_MM_EQ,464287614,SHORT,19296.0,4349268.32,4348726.92,MARKET_MAKING,2026-03-04
POS_000319,FIRM_MM_EQ,037833100,LONG,69802.0,15810157.55,14786441.63,MARKET_MAKING,2026-03-04
POS_000320,FIRM_MM_EQ,91324P102,SHORT,30491.0,16126501.21,16731946.2,MARKET_MAKING,2026-03-04
POS_000321,FIRM_MM_EQ,023135106,SHORT,66541.0,14798765.21,13860046.93,MARKET_MAKING,2026-03-04
POS_000322,FIRM_MM_EQ,464287440,SHORT,67811.0,6069057.13,6044687.9,MARKET_MAKING,2026-03-04
POS_000323,FIRM_MM_FI,001957AH0,LONG,9433369.0,8985284.3,8326775.18,MARKET_MAKING,2026-03-04
POS_000324,FIRM_MM_FI,097023BW3,SHORT,2567415.0,2599507.57,2674740.0,MARKET_MAKING,2026-03-04
POS_000325,FIRM_MM_FI,023135BW5,SHORT,7019024.0,6762829.41,6848972.75,MARKET_MAKING,2026-03-04
POS_000326,FIRM_MM_FI,35906AAX7,LONG,8439272.0,8164996.09,7245649.56,MARKET_MAKING,2026-03-04
POS_000327,FIRM_MM_FI,345370CR6,SHORT,13306104.0,13206308.29,13930516.82,MARKET_MAKING,2026-03-04
POS_000328,FIRM_MM_FI,143658BM8,SHORT,3296252.0,3246808.29,3448397.21,MARKET_MAKING,2026-03-04
POS_000329,FIRM_MM_FI,25470DAJ8,LONG,11391770.0,10081716.24,9698567.91,MARKET_MAKING,2026-03-04
POS_000330,FIRM_MM_FI,00206RMK5,LONG,2972767.0,2859802.07,2963627.35,MARKET_MAKING,2026-03-04
POS_000331,FIRM_MM_FI,38141GXP5,SHORT,6401296.0,6250865.59,6366762.38,MARKET_MAKING,2026-03-04
POS_000332,FIRM_MM_FI,46625HKE3,LONG,13072949.0,12957906.85,13611869.96,MARKET_MAKING,2026-03-04
POS_000333,FIRM_MM_FI,594918BV5,SHORT,14403815.0,14089811.54,14165330.62,MARKET_MAKING,2026-03-04
POS_000334,FIRM_MM_FI,92343VGC2,SHORT,13340979.0,13174216.99,11687899.45,MARKET_MAKING,2026-03-04
POS_000335,FIRM_MM_FI,037833DV9,LONG,5052013.0,4973706.96,5057662.71,MARKET_MAKING,2026-03-04
POS_000336,FIRM_INST_EQ,912796YB0,LONG,12184475.0,12084562.41,11184229.35,INST_FIXED_INCOME,2026-03-04
POS_000337,FIRM_INST_EQ,91282CJW8,LONG,7259483.0,7247868.1,7796296.49,INST_FIXED_INCOME,2026-03-04
POS_000338,FIRM_INST_EQ,91282CKB2,LONG,24009242.0,23918007.2,24414979.52,INST_FIXED_INCOME,2026-03-04
POS_000339,FIRM_INST_EQ,91282CJZ1,LONG,7512681.0,7471361.26,6823392.2,INST_FIXED_INCOME,2026-03-04
POS_000340,FIRM_INST_EQ,91282CKA4,LONG,12486652.0,12350547.5,10939984.68,INST_FIXED_INCOME,2026-03-04
POS_000341,FIRM_INST_EQ,91282CJX6,LONG,13109367.0,12891751.18,11489436.07,INST_FIXED_INCOME,2026-03-04
POS_000342,FIRM_INST_EQ,912810TW8,LONG,13961584.0,13419874.12,12965441.72,INST_FIXED_INCOME,2026-03-04
POS_000343,FIRM_INST_EQ,912810TZ1,LONG,11104936.0,10536363.09,10140304.89,INST_FIXED_INCOME,2026-03-04
POS_000344,FIRM_INST_EQ,3135G0W33,LONG,22045009.0,22033986.78,20183382.58,INST_FIXED_INCOME,2026-03-04
POS_000345,FIRM_INST_EQ,3135G0X24,LONG,9376734.0,9341102.29,9358835.04,INST_FIXED_INCOME,2026-03-04
POS_000346,FIRM_INST_EQ,3135G0Y35,LONG,14563607.0,14337871.55,14576266.14,INST_FIXED_INCOME,2026-03-04
POS_000347,FIRM_INST_EQ,3137EAEX3,LONG,17441681.0,17420751.29,17362068.2,INST_FIXED_INCOME,2026-03-04
POS_000348,FIRM_INST_EQ,3137EAEY1,LONG,10804711.0,10688020.23,10769045.32,INST_FIXED_INCOME,2026-03-04
POS_000349,FIRM_INST_EQ,36179MU32,LONG,16489262.0,16695378.26,16918564.47,INST_FIXED_INCOME,2026-03-04
POS_000350,FIRM_INST_EQ,36179MU33,LONG,27472713.0,27404031.51,26665510.7,INST_FIXED_INCOME,2026-03-04
POS_000351,FIRM_INST_EQ,31418DXH3,LONG,12190792.0,12007929.77,11879680.61,INST_FIXED_INCOME,2026-03-04
